{"cameraMode":{"drawMode":0,"name":"Shaded","section":"Shading Mode"},"sceneLighting":true,"audioPlay":false,"sceneViewState":{"m_AlwaysRefresh":false,"showFog":true,"showSkybox":true,"showFlares":true,"showImageEffects":true,"showParticleSystems":true,"showVisualEffectGraphs":true,"m_FxEnabled":true},"in2DMode":false,"pivot":{"x":43.176578521728519,"y":-116.58751678466797,"z":18.68152618408203},"rotation":{"x":0.40636172890663149,"y":0.17506715655326844,"z":-0.07960571348667145,"w":0.8933418989181519},"size":100.91271209716797,"orthographic":false}