{"cameraMode":{"drawMode":0,"name":"Shaded","section":"Shading Mode"},"sceneLighting":true,"audioPlay":false,"sceneViewState":{"m_AlwaysRefresh":false,"showFog":true,"showSkybox":false,"showFlares":true,"showImageEffects":true,"showParticleSystems":true,"showVisualEffectGraphs":true,"m_FxEnabled":true},"in2DMode":false,"pivot":{"x":-0.03491806983947754,"y":0.01924419403076172,"z":0.11560928821563721},"rotation":{"x":0.24838653206825257,"y":0.5954447984695435,"z":-0.1997181624174118,"w":0.7377533316612244},"size":3.0322015285491945,"orthographic":false}