{"cameraMode":{"drawMode":0,"name":"Shaded","section":"Shading Mode"},"sceneLighting":false,"audioPlay":false,"sceneViewState":{"m_AlwaysRefresh":false,"showFog":true,"showSkybox":false,"showFlares":true,"showImageEffects":true,"showParticleSystems":true,"showVisualEffectGraphs":true,"m_FxEnabled":true},"in2DMode":false,"pivot":{"x":-0.005914118140935898,"y":0.16071633994579316,"z":0.02108941227197647},"rotation":{"x":-0.1730303168296814,"y":-0.533440351486206,"z":0.1125383973121643,"w":-0.8202927112579346},"size":0.17674914002418519,"orthographic":false}